id,domain,website,name,tier,status,founded_date,description,has_details,sf_account_owner,sf_last_activity_date,salesforce_link,details.last_funding_amount,details.last_funding_type,details.total_money_in_usd,details.last_funding_date,details.investors,has_cb_data,cb_data.url,cb_data.categories,has_employee_data,employee_data.num_employees,employee_data.delta_num_employees_percent,employee_data.last_updated,employee_data.positive,visited,last_visited
66001,chenbro.com,http://www.chenbro.com/,Chenbro Micom,Pass,Public Company,Jun 01 1983,"Founded in 1983, Chenbro Micom; is a 23-year-old veteran in casing manufacturing in Taiwan . Company provides comprehensive product lines (PC chassis, Pedestal server/workstation chassis, Rackmount chassis and storage kits) and innovative mechanical solutions in the 3C industry. Aside from casing manufacturing, which Chenbro does best, company also offers excellent thermal, EMI, and acoustic solutions that differentiate Chenbro from its competitors. Last but not least, R&D effort without the shadow of a doubt is the key driver for Chenbro.",TRUE,Kwan Hong Lee,No activity,https://na6.salesforce.com/0013000000HqGqwAAF,Undisclosed,Unknown,Undisclosed,Unknown,,FALSE,,,FALSE,,,,FALSE,FALSE,
3160,commvault.com,http://www.commvault.com/,Commvault,Pass,Public Company,May 30,"Enterprise backup and recovery, data management, data deduplication, data protection, archiving, eDiscovery software. Official Commvault Twitter channel.",TRUE,Kwan Hong Lee,No activity,https://na6.salesforce.com/0013000000G6H9ZAAV,Undisclosed,Unknown,Undisclosed,Unknown,,TRUE,https://www.crunchbase.com/organization/commvault,Software,TRUE,2315,115650,2016-10-01,TRUE,FALSE,
59595,promise.com,http://promise.com/,Promise Technology,Pass,Public Company,Jun 01 1988,"PROMISE Technology is a leading developer of high-performance storage solutions tailor-made for the data center, surveillance, cloud, and rich media markets.  PROMISE specializes in providing the latest in scalable SAN storage, Thunderbolt enabled storage, NAS storage, and personal and enterprise cloud storage solutions for clients in different verticals.",TRUE,Kwan Hong Lee,No activity,https://na6.salesforce.com/0013000000Hn6fUAAR,Undisclosed,Unknown,Undisclosed,Unknown,,TRUE,https://www.crunchbase.com/organization/promise-technology,"Small and Medium Businesses, Hardware",TRUE,450,4.651162791,2016-10-01,TRUE,FALSE,
2443448,cdw.com,http://cdw.com/,CDW,Pass,Pass,May 31 1984,"The information technology products, expertise and service you need to make your business successful. Fast shipping, fast answers, the industry's largest in-stock inventories, custom configurations and more.",TRUE,Brian Carthas,No activity,https://na6.salesforce.com/0018000000rOJhDAAW,$58.74M,Post Ipo Equity,$58.74M,2015-08-14,,TRUE,https://www.crunchbase.com/organization/cdw-corporation,"Hardware, Service Industry, Information Technology, Software",TRUE,7258,0.805555556,2016-10-01,TRUE,FALSE,
62087,extremenetworks.com,http://www.extremenetworks.com/,Enterasys Networks,Pass,Pass,Jun 01 2000,"Enterasys provides intelligent, best-in-class infrastructure solutions to enterprise customers. With one of the industry?s broadest product portfolios?plus a full range of service and support offerings?Enterasys is uniquely qualified to meet the evolving needs of today?s businesses.",TRUE,Kwan Hong Lee,No activity,https://na6.salesforce.com/0013000000HoLlxAAF,Undisclosed,Unknown,Undisclosed,Unknown,,TRUE,https://www.crunchbase.com/organization/enterasys-networks,,TRUE,1300,64900,2016-10-01,TRUE,FALSE,
63131,supermicro.com,http://supermicro.com/,Super Micro Computer,Pass,No Status,Jun 01 1993,"Super Micro Computer, Inc. or Supermicro® (NASDAQ: SMCI), a global leader in high-performance, high-efficiency server technology and innovation is a premier provider of green computing solutions for Enterprise IT, Data Center, Cloud Computing, HPC and Embedded Systems worldwide. Supermicro's advanced server Building Block Solutions® offers a vast array of modular, interoperable components for building energy-efficient, application-optimized, computing solutions. This broad line of products includes servers, blades, GPU systems, workstations, motherboards, chassis, power supplies, storage technologies, networking solutions and SuperRack® cabinets/accessories. Architecture innovations include Twin and FatTwin™ Architecture, SuperServer®, SuperBlade®, MicroCloud, Super Storage Bridge Bay (SBB), Double-Sided Storage™, Universal I/O (UIO) and WIO expansion technology all of which deliver unrivaled performance and value.Supermicro combines 19+ years of advanced engineering experience with efficient production and integration expertise to develop first-to-market green computing solutions. The company is committed to protecting the environment through its ""We Keep IT Green®"" initiative. From motherboards and power supplies designed with the latest high-efficiency components to intelligent power management and cooling subsystems for high operating temperature (47°C) free-air cooled environments, Supermicro offers the most energy-efficient, environmentally-friendly solutions available on the market.Founded in 1993 and headquartered in San Jose, California, Supermicro employs approximately 1,300 people worldwide. The company has been profitable every year since inception and has annual sales reaching $1 billion. Products are sold through major distribution channels including VARs, SIs and OEMs worldwide, as well as through its direct sales force. Operations centers are located in Silicon Valley, the Netherlands, and its new Science & Technology Park and advanced integration facility in Taiwan.For more information, visit www.supermicro.comFollow UsTwitter: http://bit.ly/NJdknxLinkedIn: http://linkd.in/QGZkYdGoogle+: http://bit.ly/OnPU39YouTube: http://bit.ly/OnJunb",TRUE,Kwan Hong Lee,No activity,https://na6.salesforce.com/0013000000HoebvAAB,Undisclosed,Unknown,Undisclosed,Unknown,,TRUE,https://www.crunchbase.com/organization/super-micro-computer,"Cloud Infrastructure, Cloud Computing, Manufacturing, Embedded Systems",TRUE,1153,8.671065033,2016-10-01,TRUE,FALSE,
2436650,manageengine.com,http://manageengine.com/,ManageEngine,Pass,Acquired,Jun 01 1996,"ManageEngine offers enterprise IT management software, including network management, server, desktop and application management. Download free trial now!",TRUE,Kwan Hong Lee,2013-01-29,https://na6.salesforce.com/0013000000IHtxQAAT,Undisclosed,Unknown,Undisclosed,Unknown,,TRUE,https://www.crunchbase.com/organization/zoho-manageengine,"Customer Service, Enterprise Software",TRUE,660,1275,2016-10-01,TRUE,FALSE,
10042406,netapp.com,http://www.netapp.com/,NetApp,Pass,Public Company,Jan 01 1992,"NetApp delivers software, systems and services to manage and store your data. NetApp Data Fabric provides enhanced data control, choice, and efficiency.",TRUE,Inactive User,No activity,,Undisclosed,Unknown,Undisclosed,Unknown,,TRUE,https://www.crunchbase.com/organization/netapp,"Cloud Computing, Software, Information Technology, Data Storage",TRUE,12124,2.071055733,2016-10-01,TRUE,FALSE,
246936,chinatelecomusa.com,http://www.chinatelecomusa.com/,China Telecom Americas,Pass,Acquired,Jun 01 2002,"China Telecom Americas, a wholly-owned US-based subsidiary of China Telecom Corp. Ltd. (NYSE: CHA). Headquartered in Herndon, VA, China Telecom Americas is the largest international subsidiary of China Telecom Corporation Limited.",TRUE,Kwan Hong Lee,2016-09-28,https://na6.salesforce.com/0018000000NhzkjAAB,Undisclosed,Unknown,Undisclosed,Unknown,,FALSE,,,TRUE,150,4.166666667,2016-10-01,TRUE,FALSE,
10033490,solarwinds.com,http://www.solarwinds.com/,SolarWinds,Pass,Not a Company,Jun 01 1999,acquired,TRUE,Matt Biehler,2016-09-28,https://na6.salesforce.com/0013000000GimNNAAZ,$10.00M,Post Ipo Equity,$217.50M,2010-02-05,"Series B:$8.0M, ;Series B:$7.2M, ;Post Ipo Equity:$10.0M, ;Private Equity:$7.5M, Austin Ventures; Insight Venture Partners; Bain Capital Ventures;Private Equity:$200.0M, Insight Venture Partners; Bain Capital Ventures;",TRUE,https://www.crunchbase.com/organization/solarwinds,"Software, Virtualization, Management Information Systems",TRUE,1470,3.085553997,2016-10-01,TRUE,FALSE,
72747,rackspace.com,http://www.rackspace.com/,Rackspace,Pass,Public Company,May 31 1998,"Public; (NYSE:RAX)Host on our dedicated or cloud infrastructure or through one of our partners. Leverage our expertise to run fast and lean. We offer web, app or email hosting, data services and managed security solutions.",TRUE,Inactive User,2007-08-21,https://na6.salesforce.com/0013000000HqQxGAAV,$11.50M,Venture,$17.80M,2000-03-01,"Venture:$11.5M, Norwest Venture Partners - NVP; Red Hat; Sequoia Capital;Venture:$6.3M, Teton Capital Advisers; Isom Capital;",TRUE,https://www.crunchbase.com/organization/rackspace,"Cloud Computing, Software, IaaS, Information Technology, Web Hosting",TRUE,5807,4.611781661,2016-10-01,TRUE,FALSE,
10057151,samsung.com,http://www.samsung.com,Samsung,Pass,Pass,Feb 11 1969,"Samsung Electronics is a South Korean multinational electronics company engaged in consumer electronics, information technology and mobile communications, and device solutions businesses worldwide.The company develops, manufactures, and sells various consumer products, including mobile phones, tablets, televisions, Blu-ray players, DVD players, home theater systems, digital cameras, and camcorders; home appliances such as refrigerators, air conditioners, washing machines, ovens, and dishwashers; PCs, peripherals, and printers comprising tablet PCs, notebooks, monitors, optical disc drives, printers, and computers; memory and storage products such as solid state drives and memory cards; and accessories.The company also provides healthcare and medical equipment comprising ultrasound, digital X-ray, and in-vitro diagnostics; telecommunications infrastructures, including wireless and enterprise network systems; standalone mobile APs for smartphones, CMOS image sensors for mobile cameras, and display driver and smart card ICs; LCD display panels and OLED panels for mobiles; and LED lighting solutions that include LED packages, LED display modules, LED light engines, and LED retrofit lamps. In addition, it is engaged in cyber game match hosting; technology business venture capital investments; the manufacture of semiconductor components; semiconductor equipment businesses; the sponsoring of sports teams and games; and credit management activities.Samsung Electronics also provides repair services for electronic devices as well as general logistics agency, consultation, and communication system services. It has operations in Korea, China, Latin and North America, Europe, the Asia Pacific, and Africa.Samsung Electronics was founded in 1969 as a subsidiary of Samsung Group and is headquartered in Suwon, South Korea.",TRUE,Inactive User,No activity,,Undisclosed,Unknown,Undisclosed,Unknown,,TRUE,https://www.crunchbase.com/organization/samsung-electronics,"Hardware, Electronics, Software, Medical Device",TRUE,116408,25.00053691,2016-10-01,TRUE,FALSE,
29521,spirent.com,http://www.spirent.com/,Spirent Communications,Pass,Public Company,May 15 1936,"Those who build or deliver networks, connected devices and communication services depend on Spirent’s expertise to enable their innovations and ensure superior user experience.",TRUE,Inactive User,2016-09-21,https://na6.salesforce.com/0013000000Gyc3jAAB,$7.00M,Unknown,$27.00M,2009-07-09,,TRUE,https://www.crunchbase.com/organization/spirent,"Network Security, Public Relations, Wireless, Mobile, Internet, Location Based Services, VoIP",TRUE,1700,291.7050691,2016-10-01,TRUE,FALSE,
10005615,intel.com,http://www.intel.com/,Intel,Pass,Public Company,Jul 18 1968,"Public company on Nasdaq, Ticker INTC",TRUE,Inactive User,2016-02-23,https://na6.salesforce.com/0013000000FH7XzAAL,$3.00M,Seed,$3.00M,1968-07-31,"; Arthur Rock & Co; Seed:$3.0M, Max Palevsky; Max Palevsky; Arthur Rock & Co; Max Palevsky",TRUE,https://www.crunchbase.com/organization/intel,"Semiconductor, Hardware, Manufacturing, Software",TRUE,108515,5425650,2016-10-01,TRUE,FALSE,
10005683,ca.com,http://www.ca.com/,CA,Pass,Public Company,Jun 01 1998,"COMPUTER ASSOCIATES ISRAEL LTD. is a division of Computer Associates International, Inc. (NYSE: CA), the world's leading business software company, that delivers the end-to-end infrastructure to enable eBusiness thro ugh innovative technology, services and education. CA has 20,000 employees worldwide and had revenue of over $6 billion for the fiscal year ended March 31, 2000.",TRUE,Kwan Hong Lee,2015-11-05,https://na6.salesforce.com/0013000000JNRGpAAP,$38.70M,Other,$38.70M,2009-02-02,"; Other:$38.7M,",FALSE,,,TRUE,4,33.33333333,2016-10-01,TRUE,FALSE,
10038826,qlogic.com,http://www.qlogic.com/,QLogic,Pass,Public Company,Jun 01 1994,QLogic is a leading provider of data center networking and storage networking infrastructure solutions. Visit our website to learn more.,TRUE,Inactive User,No activity,,Undisclosed,Unknown,Undisclosed,Unknown,,TRUE,https://www.crunchbase.com/organization/qlogic,Web Hosting,TRUE,997,49750,2016-10-01,TRUE,FALSE,
10058809,netscout.com,http://www.netscout.com/,NETSCOUT Systems,Pass,Public Company,Jun 01 1984,"Delivering a single view into the performance and health of all your servers, services, applications, and networks, so you can quickly pinpoint and resolve problems.",TRUE,Brian Carthas,2016-09-28,https://na6.salesforce.com/0018000000M4xTcAAJ,$42.50M,Series B,$48.50M,1999-01-01,Egan-Managed Capital; TA Associates; Greylock Partners,TRUE,https://www.crunchbase.com/organization/netscout-systems,"Cyber Security, Network Security, Virtualization",TRUE,1784,1.59453303,2016-10-01,TRUE,FALSE,
28922,trendmicro.com,http://www.trendmicro.com/us/business/strategic-alliances/index.html/,Trend Micro,Pass,Public Company,May 30 1988,"Trend Micro is a global leader in internet content security software and cloud computing security with a focus on data security, virtualization, endpoint protection and Web threats",TRUE,Kwan Hong Lee,2008-10-10,https://na6.salesforce.com/0013000000GlVlYAAV,$430.00M,Other,$430.00M,2007-06-03,,TRUE,https://www.crunchbase.com/organization/trend-micro,"Cloud Security, Security, Virtualization",TRUE,4410,-0.965641141,2016-10-01,FALSE,FALSE,
5272,f5.com,http://f5.com/,F5 Networks,Pass,Public Company,Feb 01 1996,"F5 provides solutions for an application world. With F5, businesses deliver the most secure, fast & reliable applications to anyone anywhere at any time.",TRUE,Kwan Hong Lee,2015-02-03,https://na6.salesforce.com/0013000000G6HS8AAN,Undisclosed,Unknown,$75.00M,Unknown,,TRUE,https://www.crunchbase.com/organization/f5-networks,"Consumer Electronics, Security, Virtualization, Meeting Software",TRUE,3764,3.691460055,2016-10-01,TRUE,FALSE,
59337,cisco.com,http://cisco.com/,Cisco,Pass,Public Company,Dec 30 1984,"Cisco, (NASDAQ: CSCO), is the worldwide leader in networking that transforms how people connect, communicate and collaborate. Today, networks are an essential part of business, education, government and home communications, and Cisco's Internet Protocol-based (IP) networking solutions are the foundation of these networks. Cisco was founded in 1984 by a small group of computer scientists from Stanford University. Since the company's inception, Cisco engineers have been leaders in the development of Internet Protocol (IP)-based networking technologies. Today, with more than 47,000 employees worldwide, this tradition of innovation continues with industry-leading products and solutions in the company's core development areas of routing and switching, as well as in advanced technologies such as: Cisco has been at the heart of many historic changes in technology, and that continues to be true today. Now, at a time when the technology industry is going through a period of dramatic change, Cisco is the market leader in multiple areas, such as routing and switching, unified communications, wireless and security. The company helped catalyze the industry's move toward IP and, now that it is fully underway, the company is at the center of fundamental changes in the way the world communicates.",TRUE,Inactive User,2016-04-27,https://na6.salesforce.com/0013000000HVkhAAAT,$616.00K,Seed,$1.45M,2014-09-10,"; Subtraction Capital; Carthona Capital; Equity Crowdfunding:$0.0M,; Convertible Note:$0.0M, Subtraction Capital; Alchemist Accelerator; Seed:$0.0M,; Seed:$0.028M, Alchemist Accelerator; Seed:$0.616M, Carthona Capital",TRUE,https://www.crunchbase.com/organization/synata,"Cloud Computing, Enterprise Software, Search Engine",TRUE,85966,0.159619709,2016-10-01,TRUE,FALSE,
10060921,emc.com,http://www.emc.com/domains/adaptivity/index.htm/,EMC,Pass,Acquired,May 31 2007,"Cloud computing and big data are EMC products and solutions that enable other businesses to store, manage, protect and analyze their data securely.",TRUE,Brian Carthas,2013-12-11,https://na6.salesforce.com/0018000000dzHBhAAM,Undisclosed,Unknown,$41.30M,Unknown, ,TRUE,https://www.crunchbase.com/organization/emc,"Enterprise Software, Information Technology, Big Data",TRUE,58252,5.714752373,2016-10-01,TRUE,FALSE,
10055838,hds.com,http://www.hds.com/,Hitachi Data Systems,Pass,Pass,Dec 29,"A wholly owned subsidiary of Hitachi, Ltd (NYSE: HIT). Hitachi Data Systems (HDS) delivers information storage and virtualization solutions to manage and protect your big data in the data center or the cloud so you can innovate with information.",TRUE,Inactive User,No activity,,Undisclosed,Unknown,Undisclosed,Unknown,,TRUE,https://www.crunchbase.com/organization/hitachi-data-systems,,TRUE,6300,314900,2016-10-01,TRUE,FALSE,
26180,lenovo.com,http://www.lenovo.com/,Lenovo,Pass,Public Company,Jun 01 1984,"Find & buy the right laptop, tablet, desktop or server. Build your own PC today or call our sales team 1-855-2-LENOVO (1-855-253-6686).",TRUE,Kwan Hong Lee,No activity,https://na6.salesforce.com/0013000000GkSjTAAV,$350.00M,Venture,$350.09M,2005-03-31,"Venture:$350.0M, Newbridge Capital; TPG (formerly Texas Pacific Group); General Atlantic;Undisclosed:$0.08658M, Chinese Academy Of Sciences;",TRUE,https://www.crunchbase.com/organization/lenovo,"Hardware, Mobile, Computer, Manufacturing",TRUE,24029,11.15274308,2016-10-01,TRUE,FALSE,
168380,micron.com,https://www.micron.com/,Micron Technology,Pass,Tracking,Jun 01 1978,Micron Technology is a world leader in memory and semiconductor technology offering the industry’s broadest portfolio of silicon-to-semiconductor solutions.,TRUE,Inactive User,2012-01-20,https://na6.salesforce.com/0018000000MtL1oAAF,$16.00M,Series C,$50.41M,2013-09-01,Gimv; Celtic House Venture Partners,TRUE,https://www.crunchbase.com/organization/micron-technology,"Semiconductor, Hardware, Computer",TRUE,30000,1.330811322,2016-10-01,TRUE,FALSE,
10063001,checkpoint.com,https://www.checkpoint.com/,Check Point Software Technologies,Pass,Public Company,Mar 28,"Stay one step ahead of threats with Check Point’s industry leading cyber security products for threat prevention, mobile security, data centers, next-generation firewalls, and security management",TRUE,Admin Oblytics,No activity,https://na6.salesforce.com/0018000001SYXBEAA5,Undisclosed,Unknown,Undisclosed,Unknown,,TRUE,https://www.crunchbase.com/organization/sofaware,"Cyber Security, Software",TRUE,3904,195100,2016-10-01,TRUE,FALSE,
95347,centurylink.com,http://www.centurylink.com/,CenturyLink,Pass,Public Company,Jan 01 1930,"At CenturyLink's official site, find a reliable local provider of high speed internet, phone and TV services to homes as well as large and small businesses. See services available and the latest offers. Qwest is now CenturyLink.",TRUE,Kwan Hong Lee,2012-01-25,https://na6.salesforce.com/0013000000J33DEAAZ,$8.00M,Venture,$8.00M,2013-06-23,"Venture:$7.999399M, ;",TRUE,https://www.crunchbase.com/organization/centurylink,Public Relations,TRUE,26884,119.9819982,2016-10-01,TRUE,FALSE,
10063008,eaton.com,http://www.eaton.com/Eaton/index.htm/,Eaton,Pass,Public Company,May 31 1984,"Diversified power management company and global technology leader in electrical systems for power quality, distribution and control; hydraulics components, systems and services for industrial and mobile equipment; aerospace fuel, hydraulics and pneumatic systems for commercial and military use; and truck and automotive drivetrain and powertrain systems for performance, fuel economy and safety.",TRUE,Admin Oblytics,2016-09-28,https://na6.salesforce.com/0018000001SYTfLAAX,$2.40M,Grant,$2.40M,2013-07-29,"Grant:$2.4M, ;",TRUE,https://www.crunchbase.com/organization/eaton,"Hardware, Automotive, Electrical Distribution, Software",TRUE,34438,1.575035394,2016-10-01,TRUE,FALSE,
3497,riverbed.com,http://riverbed.com/,Riverbed Technology,Pass,Public Company,Jun 01 1998,"Riverbed Technology is the leader in application performance infrastructure, enabling hybrid enterprises to transform app performance into a competitive advantage.",TRUE,Inactive User,2012-04-09,https://na6.salesforce.com/0013000000G6HCVAA3,Undisclosed,Venture,$28.40M,2016-01-19,Pelion Venture Partners; Lightspeed Venture Partners; Meritech Capital Partners; UV Partners; Goldman Sachs; Texas Atlantic Capital; BYU Cougar Capital; Accel Partners,TRUE,https://www.crunchbase.com/organization/riverbed-technology,"Data Center, Cloud Data Services, Computer, Software",TRUE,2462,0.901639344,2016-10-01,TRUE,FALSE,
2784335,purestorage.com,http://www.purestorage.com/,Pure Storage,Pass,Public Company,Sep 01 2009,"Pure Storage enterprise all-flash solutions provide the power, reliability, and simplicity you need to tackle the most demanding business and IT problems. Went Public on Oct 6, 2015 / NYSE:PSTG",TRUE,Inactive User,2013-01-22,https://na6.salesforce.com/0018000000qZAPqAAO,$60.00M,Secondary Market,$530.86M,2014-08-11,Tiger Global Management; T. Rowe Price; IVP (Institutional Venture Partners); Redpoint; Samsung Ventures; Index Ventures; Glynn Capital Management; In-Q-Tel; Greylock Partners; Sutter Hill Ventures,TRUE,https://www.crunchbase.com/organization/pure-storage,"Cloud Computing, Enterprise Software, Data Storage",TRUE,1432,20.64026959,2016-10-01,TRUE,FALSE,
29597,barracuda.com,https://www.barracuda.com/,Barracuda,Pass,Pass,May 31 1999,"Barracuda Networks is the worldwide leader in Security, Application Delivery and Data Protection Solutions.",TRUE,Kwan Hong Lee,2007-06-20,https://na6.salesforce.com/0013000000GygWWAAZ,$5.61M,Venture,$45.61M,2009-10-08,Sequoia Capital; Francisco Partners; Focus Ventures,TRUE,https://www.crunchbase.com/organization/barracuda-networks,"Cloud Data Services, Security, Enterprise Software, Virtualization",TRUE,1146,3.057553957,2016-10-01,TRUE,FALSE,
164971,nexenta.com,http://www.nexenta.com/,Nexenta Systems,Pass,Not a Company,Sep 26 2005,"Nexenta is the global leader in Open Source-driven Software-Defined Storage (OpenSDS) with 6,000+ customers, 400+ partners, 42 patents, and more than 1,500 petabytes of storage under management. Nexenta uniquely integrates deep software-only “Open Source” collaboration with one of the largest and most vibrant Open Source communities (46,000 members) and a comprehensive vision around a commodity hardware-centric “Software-Defined Storage” innovation enabling ANY app, cloud platform and protocol. Nexenta is 100% Software-based; and 100% hardware-, protocol-, cloud platform-, and app-agnostic providing organizations with Total Freedom protecting them against punitive “vendor-lock-in”, “vendor-bait-n-switch”, and “vendor-rip-n-replace” gimmicks. Nexenta provides enterprises with the ""true"" benefits of “true” Software-Defined Everything-centric Cloud Computing – from data centers to end users; from the infrastructure to apps. Nexenta enables everyday apps from rich media-driven Social Living to Mobility; from the Internet of Things to Big Data; from OpenStack and CloudStack to Do-It-Yourself Cloud deployments – for all types of Clouds – Private, Public, and Hybrid. Founded around an ""Open Source” platform and industry-disrupting vision, Nexenta delivers its award- and patent-winning software-only unified storage management solutions along with enterprise-scale 24x7 - around the globe - All Love - service and support with a global partner network, including Canonical,_ Cisco, Citrix, Dell, Docker, HPE, IBM, Lenovo, Micron, Quanta, SanDisk, Seagate, Supermicro, VMware, Western Digital, Wipro, and many others. Nexenta:  100% Software. Total Freedom. All Love.",TRUE,Ricky Pelletier,2016-09-28,https://na6.salesforce.com/0018000000M6bdDAAR,$29.30M,Series F,$113.76M,2015-04-28,"Series B:$0.0M, Translink Capital;Venture:$0.999M, Sierra Ventures;Series E:$0.0M, Translink Capital;  Dell Ventures;Venture:$3.86M, Translink Capital; Sierra Ventures;Series D:$24.0M, Razor's Edge Ventures; UMC Capital; WestSummit Capital; Four Rivers Group; Translink Capital; Sierra Ventures; Menlo Ventures; Javelin Venture Partners;Series C:$21.0M, Razor's Edge Ventures; Sierra Ventures; Menlo Ventures; Javelin Venture Partners; Translink Capital;Series F:$29.3M, Sierra Ventures;Series E:$34.6M, Sierra Ventures; Translink Capital; SanDisk Ventures;Series A:$0.0M, Javelin Venture Partners;",TRUE,https://www.crunchbase.com/organization/nexenta-systems,"Open Source, Flash Storage, Linux",TRUE,190,-2.564102564,2016-10-01,FALSE,FALSE,
9929,citrix.com,http://www.citrix.com/,Citrix Systems,Pass,Public Company,Jun 01 1989,"Citrix Systems, Inc. is the global leader and most trusted name in on-demand access. More than 180,000 organizations around the world use the Citrix Access Platform to provide the best possible access experience to any application for any user. Citrix and its 6,200 partners offer access solutions for individual professionals, small businesses, and enterprises. Citrix Systems, Inc. designs, develops and markets technology solutions that enable on-demand access to information and applications. The Company markets and licenses its products through multiple channels, such as value-added resellers, channel distributors, system integrators (Sis), independent software vendors (ISVs), its Websites and original equipment manufacturers. The access products are designed for three main markets: individual consumers and professionals, small businesses, and enterprises. In May 2006, the Company acquired Reflectent Software, Inc., a provider of solutions to monitor the performance of client-server, Web and desktop applications from an end-user perspective. Public company on Nasdaq, Ticker CTXS",TRUE,Inactive User,2016-03-02,https://na6.salesforce.com/0013000000GbIZoAAN,Undisclosed,Unknown,Undisclosed,Unknown,,TRUE,https://www.crunchbase.com/organization/xensource,,TRUE,10119,1.893062129,2016-10-01,TRUE,FALSE,
30117,suse.com,http://suse.com/,SUSE,Pass,No Status,May 31 1992,"The Platform for the Open Enterprise. SUSE? Linux Enterprise 10 is the only enterprise-grade Linux* platform offering a complete solution for your mission-critical needs?from the desktop to the data center. When security, cost and reliability matter, companies choose SUSE Linux Enterprise from Novell. Acquired by Novell",TRUE,Kwan Hong Lee,No activity,https://na6.salesforce.com/0013000000H03GaAAJ,$13.90M,Venture,$13.90M,2001-09-30,,TRUE,https://www.crunchbase.com/organization/suse,"Linux, Enterprise Software, Software",TRUE,411,12.3,2016-10-01,TRUE,FALSE,
6454215,statuspage.io,http://statuspage.io/,StatusPage,Pass,Acquired,Feb 17 2013,"StatusPage.io is the best way for web infrastructure, developer API, and SaaS companies to get set up with their very own status page in minutes. Integrate public metrics and allow your customers to subscribe to be updated automatically. Acquired by Atlassian",TRUE,Michael Morgenstern,2016-07-18,https://na6.salesforce.com/0018000001CfpPBAAZ,Undisclosed,Seed,$100.00K,2013-08-31,Y Combinator; Wefunder; Rob Emrich; FundersClub; Wefunder; Y Combinator,TRUE,https://www.crunchbase.com/organization/statuspage,"Software, Internet, CRM",TRUE,13,44.44444444,2016-10-01,TRUE,FALSE,
16559,lg.com,http://www.lg.com/us/,LG Electronics,Pass,Public Company,Jun 01 1958,"Make life good. LG electronics, appliances and mobile devices feature innovative technology and sleek designs to suit your life and your style.",TRUE,Kwan Hong Lee,No activity,https://na6.salesforce.com/0013000000GbkyyAAB,Undisclosed,Unknown,Undisclosed,Unknown,,TRUE,https://www.crunchbase.com/organization/lg,"Consumer Electronics, Hardware, Electronics, Telecommunications, Information Technology, Software",TRUE,29104,0.873422986,2016-10-01,TRUE,FALSE,
7388,shavlik.com,http://www.shavlik.com/,Shavlik,Pass,Acquired,Feb 01 1993,Streamline your enterprise software and IT management. Learn how to be more efficient and save money today! Acquired by LANDESK Software,TRUE,Inactive User,2010-02-25,https://na6.salesforce.com/0013000000G6ItsAAF,Undisclosed,Unknown,Undisclosed,Unknown,,TRUE,https://www.crunchbase.com/organization/shavlik-technologies,Security,TRUE,45,-4.255319149,2016-10-01,FALSE,FALSE,
9362,csc.com,http://csc.com/,CSC,Pass,Public Company,Apr 01 1959,"CSC provides Next Generation IT Infrastructure Services, Cloud Computing, Cyber Security, Big Data, Consulting and Industry Focused Application solutions",TRUE,Inactive User,2016-09-21,https://na6.salesforce.com/0013000000G8kJKAAZ,$10.00M,Unknown,$17.00M,Unknown,,TRUE,https://www.crunchbase.com/organization/csc,"Consulting, Cloud Computing, Information Services, IT Management, Cyber Security, Information Technology, Software",TRUE,56000,-1.088031652,2016-10-01,FALSE,FALSE,
3280,infoblox.com,http://www.infoblox.com/,Infoblox,Pass,Public Company,Jun 01 1999,"Over 8,000 enterprise & network customers have chosen Infoblox. Follow us for the cutting edge on controlling your network.",TRUE,Kwan Hong Lee,No activity,https://na6.salesforce.com/0013000000G6HAYAA3,$30.00M,Series E,$51.00M,2005-04-25,"Series E:$30.0M, Tenaya Capital; Open Prairie; Chess Ventures; Duchossois Technology Partners; Sequoia Capital;Venture:$21.0M, Tenaya Capital; Sequoia Capital;",TRUE,https://www.crunchbase.com/organization/infoblox,"Network Hardware, Security, Real Time",TRUE,1004,5.795574289,2016-10-01,TRUE,FALSE,
4256,fortinet.com,http://www.fortinet.com/,Fortinet,Pass,Public Company,Jun 01 2000,"Fortinet is the pioneer and world's leading provider of Unified Threat Management (UTM) security systems that enable secure business communications and deliver the best security, performance and total cost of ownership available.",TRUE,Kwan Hong Lee,2014-02-19,https://na6.salesforce.com/0013000000G6HKAAA3,$50.00M,Venture,$80.00M,2004-03-02,"Venture:$50.0M, Redpoint; Meritech Capital Partners; Acorn Campus Ventures; DEFTA Partners;Series D:$30.0M, Redpoint; Meritech Capital Partners; Acorn Campus Ventures; DEFTA Partners;",TRUE,https://www.crunchbase.com/organization/fortinet,"Wireless, Cyber Security, Security, Network Security, Mobile",TRUE,3618,5.789473684,2016-10-01,TRUE,FALSE,
59926,sandisk.com,https://www.sandisk.com/,SanDisk,Pass,Public Company,Jun 01 1988,"Fanfare Electronics, Ltd. is a New York-based company that excels in the field of designing and building high quality tuner/monitors for two important reasons. We listen to our customers and we believe in driving state-of the-art.",TRUE,Kwan Hong Lee,2016-09-28,https://na6.salesforce.com/0013000000Hn6kPAAR,Undisclosed,Unknown,Undisclosed,Unknown,,FALSE,,,TRUE,5884,1.816923343,2016-10-01,TRUE,FALSE,
63272,brocade.com,http://brocade.com/,Brocade,Pass,Public Company,Jun 01 1998,Brocade networking solutions help the world’s leading organizations transition smoothly to a world where applications and information reside anywhere.,TRUE,Kwan Hong Lee,2013-10-07,https://na6.salesforce.com/0013000000HoepdAAB,$300.00M,Post Ipo Debt,$300.00M,2010-01-20,,TRUE,https://www.crunchbase.com/organization/brocade-communications-systems,"Data Center, Computer, Web Hosting",TRUE,4575,-1.230569948,2016-10-01,FALSE,FALSE,
144806,redhat.com,http://redhat.com/,Red Hat,Pass,Public Company,Jun 01 1993,"Red Hat, the world's leading open source and Linux provider, is headquartered in Raleigh, NC, with satellite offices worldwide. Red Hat is leading Linux and open source solutions into the mainstream by making high-quality, low-cost technology accessible. (NYSE:RHT)",TRUE,Inactive User,2010-11-22,https://na6.salesforce.com/0013000000KDAMdAAP,Undisclosed,Unknown,$10.60M,Unknown,,TRUE,https://www.crunchbase.com/organization/rht,,TRUE,7214,5.808154884,2016-10-01,TRUE,FALSE,
26829,fujitsu.com,http://www.fsw.fujitsu.com/,Fujitsu Software,Pass,Pass,Jun 01 1994,NetCOBOL allows you to leverage companies existing COBOL code into the .NET framework take Mission-Critical COBOL and integrate it into your cutting edge .NET projects.,TRUE,Kwan Hong Lee,No activity,https://na6.salesforce.com/0013000000GkwwcAAB,Undisclosed,Unknown,Undisclosed,Unknown,,FALSE,,,TRUE,25,8.7,2016-10-01,TRUE,FALSE,
55343,varonis.com,http://www.varonis.com/,Varonis Systems,Pass,Public Company,May 31 2005,"Varonis protects sensitive information from insider threats, automates time-consuming tasks, and extracts valuable insights from enterprise data.",TRUE,Inactive User,2011-08-23,https://na6.salesforce.com/0013000000H2MULAA3,$1.00M,Venture,$28.79M,2012-02-09,Evergreen Venture Partners; EMC; Pitango Venture Capital; Accel Partners,TRUE,https://www.crunchbase.com/organization/varonis-systems,"Analytics, Government, Big Data, Software",TRUE,880,9.045848823,2016-10-01,TRUE,FALSE,
37334,paloaltonetworks.com,http://paloaltonetworks.com/,Palo Alto Networks,Pass,Public Company,Jan 01 2005,The next-generation security company.,TRUE,Inactive User,2015-06-24,https://na6.salesforce.com/0013000000H0RnXAAV,$264.00M,Post Ipo Equity,$329.00M,2012-07-09,Sequoia Capital; Icon Ventures; Greylock Partners; Lehman Brothers; Globespan Capital Partners,TRUE,https://www.crunchbase.com/organization/palo-alto-networks,"Cyber Security, Security, Network Security, Internet",TRUE,3389,15.62606619,2016-10-01,TRUE,FALSE,
6470488,ericsson.com,http://www.ericsson.com/news/2000502/,Ericsson Press,Pass,Public Company,Feb 04 2013,"Ericsson is shaping the future of mobile broadband Internet communications through its continuous technology leadership, helping to create the most powerful communication companies in the world.",TRUE,Michael Morgenstern,2016-07-27,https://na6.salesforce.com/0018000001C0vLvAAJ,$7.00M,Seed,$8.50M,2015-09-30,,TRUE,https://www.crunchbase.com/organization/ericsson,"Public Relations, Mobile",TRUE,13,-56.66666667,2016-10-01,FALSE,FALSE,
65774,vmware.com,http://vmware.com/,VMware,Pass,Acquired,May 31 1998,"VMware is the world?s leading provider of virtualization solutions and services. Through a pioneering virtualization approach, VMware solutions separate the operating system and application software from the underlying hardware, delivering significant improvements in efficiency, availability, flexibility and manageability. Acquired by Dell",TRUE,Inactive User,2016-08-02,https://na6.salesforce.com/0013000000HpwgQAAR,$150.00M,Undisclosed,$388.50M,2007-07-30,Azure Capital Partners; Cisco; Intel; Dell; Goldman Sachs; Chase H&Q,TRUE,https://www.crunchbase.com/organization/vmware,"Cloud Management, Enterprise Software, Cloud Infrastructure",TRUE,16796,8.424246337,2016-10-01,TRUE,FALSE,
10031848,quantum.com,http://www.quantum.com/,Quantum,Pass,Acquired,May 31 2008,"Pancetera's virtual appliance is designed to reduce the I/O, complexity, and cost of data protection for virtual environments. The virtual appliance aggregates all virtual machines into a unified view that can serve as a mount point for backup and restore applications or other applications requiring visibility and access to the virtual environment. As a result, Pancetera eliminates the need for a consolidated backup; reduces the I/O and bandwidth requirements associated with backups; and enables organizations to achieve consistent, efficient, and effective management of their virtual machines.",TRUE,Inactive User,2012-01-09,https://na6.salesforce.com/0018000000mJqWVAA0,$3.60M,Venture,$7.60M,2011-06-16,"; Dunrath Capital; Series A:$4.0M, Next-Gen Ventures; Venture:$3.6M,; Crestline; Venture:$0.0M, Motorola Solutions Venture Capital; Motorola Solutions Venture Capital; Next-Gen Ventures; Dunrath Capital; Crestline",TRUE,https://www.crunchbase.com/organization/quantum-corp,Enterprise Software,TRUE,1410,6.495468278,2016-10-01,TRUE,FALSE,
10032398,navisite.com,http://navisite.com/,NaviSite,Pass,Public Company,Jun 01 1997,"NaviSite, Inc., is a leading worldwide provider of enterprise-class, cloud-enabled hosting, managed applications and services. NaviSite provides a full suite of reliable and scalable managed services, including Application Services, industry-leading Enterprise Hosting, and Managed Cloud Services for organizations looking to outsource IT infrastructures and lower their capital and operational costs. Enterprise customers depend on NaviSite for customized solutions, delivered through a global footprint of state-of-the-art data centers. For more information about NaviSite’s services, please visit www.navisite.com.",TRUE,Admin Oblytics,No activity,https://na6.salesforce.com/0018000001SYX7WAAX,$7.50M,Venture,$7.50M,2000-02-07,"Venture:$7.5M, Mohr Davidow Ventures; ; Mohr Davidow Ventures",TRUE,https://www.crunchbase.com/organization/navisite,"Cloud Security, Cloud Computing, Finance, Web Hosting",TRUE,979,2.728226653,2016-10-01,TRUE,FALSE,
5834,nexsan.com,http://nexsan.com/,Nexsan,Pass,Engaged,Jun 01 1999,"Nexsan is a global leader in storage, back up and data management solutions that are focused on seamlessly and securely enabling a connected workforce. Its broad solution portfolio empowers enterprises to securely store, protect and manage valuable business data – whilst allowing users to sync, share and access files from any device, anywhere, anytime.",TRUE,Inactive User,2013-01-02,https://na6.salesforce.com/0013000000G6HagAAF,$7.50M,Venture,$24.50M,2009-04-18,VantagePoint Capital Partners; Beechtree Capital; Fonds de solidarité FTQ; RRE Ventures,TRUE,https://www.crunchbase.com/organization/nexsan,"Hardware, Enterprise Software, Video, Energy Efficiency, Software",TRUE,210,0.4784689,2016-10-01,TRUE,FALSE,
7830,nvidia.com,http://nvidia.com/,NVIDIA,Pass,Public Company,Jun 01 1993,"Visual computing technology from NVIDIA: inventor of the GPU, which creates interactive graphics on laptops, workstations, mobile devices, notebooks, PCs, and more.",TRUE,Kwan Hong Lee,2006-10-15,https://na6.salesforce.com/0013000000G7v1kAAB,$25.00M,Grant,$25.00M,2010-08-09,"Grant:$25.0M, ;Debt Financing:$0.0M, TriplePoint Capital;",TRUE,https://www.crunchbase.com/organization/nvidia,"Hardware, GPU, Virtualization, Software",TRUE,9137,4.208485401,2016-10-01,TRUE,FALSE,
6534600,ansible.com,http://www.ansible.com/,Ansible,Pass,Acquired,Jun 01 2013,Ansible is the simplest way to automate apps and IT infrastructure. Application Deployment + Configuration Management + Continuous Delivery.,TRUE,Mackey Craven,2015-10-19,https://na6.salesforce.com/00180000014YHFpAAO,$6.00M,Series A,$6.00M,2013-08-12,e.ventures; Menlo Ventures,TRUE,https://www.crunchbase.com/organization/ansible,"Automotive, Cloud Computing, Enterprise Software",TRUE,40,5.263157895,2016-10-01,TRUE,FALSE,
2464310,nimblestorage.com,http://nimblestorage.com/,Nimble Storage,Pass,Public Company,Jun 01 2008,Nimble Storage is the leader in All Flash and Hybrid Flash storage solutions with its Predictive Flash Platform delivering absolute performance for your enterprise storage needs.,TRUE,Inactive User,2011-07-11,https://na6.salesforce.com/0018000000pOM5tAAG,$40.70M,Series E,$98.75M,2012-09-10,"Series E:$40.7M, ;Series D:$25.0M, ;Series C:$16.0M, ;Series B:$8.274999M, ;Series A:$8.776231M, ;",TRUE,https://www.crunchbase.com/organization/nimble-storage,"Electronics, Enterprise Software, Flash Storage, Data Storage",TRUE,1000,10.13215859,2016-10-01,TRUE,FALSE,
3185,imprivata.com,http://www.imprivata.com/,Imprivata,Pass,Public Company,Jun 01 2002,Improve productivity for better focus on patient care through SSO & secure communication solutions. See how Imprivata saves care providers an hour a day.,TRUE,Brian Carthas,2009-03-20,https://na6.salesforce.com/0013000000G6H9kAAF,$15.00M,Series C,$23.91M,2008-04-08,General Catalyst Partners; Highland Capital Partners; Sapphire Ventures; Polaris Partners,TRUE,https://www.crunchbase.com/organization/imprivata,"Health Care, Security, Information Services",TRUE,532,8.793456033,2016-10-01,TRUE,FALSE,
21390,mellanox.com,http://mellanox.com/,Mellanox Technologies,Pass,Public Company,Jun 01 1999,Leading supplier of end-to-end InfiniBand and Ethernet interconnect solutions and services for servers and storage.,TRUE,Kwan Hong Lee,No activity,https://na6.salesforce.com/0013000000GcsxeAAB,$56.00M,Series C,$81.70M,2002-02-11,"Series C:$56.0M, ;Series B:$25.7M, ;Series A:$7.6M, ;Series C:$56.0M, Bessemer Venture Partners; Banc of America Securities; China Development Investment Bank; Dell Ventures; Gemini Israel Ventures; Jerusalem Global Ventures; JNI; Quanta Computer; Sun Microsystems; Walden Israel Venture Capital;Series B:$25.7M, Intel Capital; Raza Venture Fund; Sequoia Capital; U.S. Venture Partners (USVP);",TRUE,https://www.crunchbase.com/organization/mellanox-technologies,"Semiconductor, Cloud Computing, Big Data",TRUE,1867,14.18960245,2016-10-01,TRUE,FALSE,
6393590,pernixdata.com,http://pernixdata.com/,PernixData,Pass,New,Jun 01 2012,PernixData is passionate about building a world-class team and the culture essential to becoming a dominant force at the nexus of virtualization and storage. Solving challenging problems and building great products that make a difference is our mission.,TRUE,Inactive User,2014-01-09,https://na6.salesforce.com/00180000015EYjVAAW,$35.00M,Series C,$62.00M,2014-08-20,Kleiner Perkins Caufield & Byers; Lightspeed Venture Partners; Menlo Ventures,TRUE,https://www.crunchbase.com/organization/pernixdata,"Hardware, Enterprise Software, Virtualization",TRUE,177,3.50877193,2016-10-01,TRUE,FALSE,
75491,gigamon.com,http://www.gigamon.com/,Gigamon,Pass,Public Company,Jun 01 2003,"Gigamon makes GigaVUE, a unique out-of-band data access switch, giving any-to-any connectivity to monitoring tools like IDS, sniffers, forensics recorders, compliance and application monitors. It enables span port sharing across multiple tools, consolidat",TRUE,Kwan Hong Lee,2009-07-24,https://na6.salesforce.com/0013000000IHNasAAH,$22.80M,Series A,$22.80M,2010-02-03,"; Series A:$22.8M,",TRUE,https://www.crunchbase.com/organization/gigamon,,TRUE,469,9.324009324,2016-10-01,TRUE,FALSE,
2688653,virtustream.com,http://www.virtustream.com/,Virtustream,Pass,Acquired,May 31 2008,"Cloud management software for private, public, and hybrid clouds, enables customers to move existing mission-critical and production applications to the cloud. Acquired by EMC",TRUE,Inactive User,2015-05-26,https://na6.salesforce.com/0018000000gf9P9AAI,Undisclosed,Debt Financing,$129.64M,2015-03-09,Silicon Valley Bank; Blue Lagoon Capital; ORIX Ventures; Noro-Moseley Partners; SAP; Columbia Capital; Intel Capital,TRUE,https://www.crunchbase.com/organization/virtustream,"Cloud Computing, Enterprise Software, IaaS",TRUE,652,17.0556553,2016-10-01,TRUE,FALSE,
10645,amazon.com,http://amazon.com/,Amazon,Pass,Public Company,Jul 04 1994,"Online shopping from the earth's biggest selection of books, magazines, music, DVDs, videos, electronics, computers, software, apparel & accessories, shoes, jewelry, tools & hardware, housewares, furniture, sporting goods, beauty & personal care, broadband & dsl, gourmet food & just about anything else.",TRUE,Kwan Hong Lee,2016-03-30,https://na6.salesforce.com/0013000000GbeHJAAZ,$8.00M,Series A,$8.00M,1995-06-30,"; Kleiner Perkins Caufield & Byers; Series A:$8.0M, Kleiner Perkins Caufield & Byers",TRUE,https://www.crunchbase.com/organization/amazon,"Delivery, Crowdsourcing, E-Commerce, Internet, Retail, Software",TRUE,110128,27.12602015,2016-10-01,TRUE,FALSE,
8674,appsense.com,http://www.appsense.com/,AppSense,Pass,No Status,May 31 1999,"Acquired by LANDESK Software .Having desktop drama? Unlock the User Environment with solutions for profile management, logon times; privilege, policy and image management.",TRUE,Inactive User,2011-06-24,https://na6.salesforce.com/0013000000G8IHQAA3,$978.78K,Venture,$70.98M,2012-06-06,Goldman Sachs,TRUE,https://www.crunchbase.com/organization/appsense,"Enterprise Software, Apps, Virtualization",TRUE,383,-2.046035806,2016-10-01,FALSE,FALSE,
48004,huawei.com,http://huawei.com/,Huawei Technologies,Pass,Public Company,Jun 01 2000,"Huawei is a leading global information and communications technology (ICT) solutions provider. Through our dedication to customer-centric innovation and strong partnerships, we have established end-to-end advantages in telecom networks, devices and cloud computing. We are committed to creating maximum value for telecom operators, enterprises and consumers by providing competitive solutions and services. Our products and solutions have been deployed in over 140 countries, serving more than one third of the world’s population.",TRUE,Kwan Hong Lee,No activity,https://na6.salesforce.com/0013000000H0sJ5AAJ,Undisclosed,Unknown,Undisclosed,Unknown,,TRUE,https://www.crunchbase.com/organization/huawei,"Wireless, Mobile, Security, Web Hosting",TRUE,79934,11.49795651,2016-10-01,TRUE,FALSE,
9958,avnet.com,http://www.avnet.com/,Avnet,Pass,Public Company,Jun 01 1921,"Avnet, Inc. (NYSE: AVT), is one of the world's largest B2B distributors of semiconductors, interconnect, passive and electromechanical components, enterprise network and computer equipment, and embedded subsystems from leading manufacturers. Serving customers in 70 countries, Avnet markets, inventories, and adds value to these products and provides supply chain management and engineering services. Avnet is uniquely positioned to serve the needs of the world's leading high-technology companies. The company's innovative and entrepreneurial spirit, coupled with the quality, depth, and breadth of its knowledge and relationships, assures customers and suppliers that they have chosen the right partner to help them succeed. Avnet's global scope and economies of scale, talented employees and commitment to value-based management ensure that it will continue to be a leader in the technology industry. To learn more about our value propositions, please look at and download our on-line presentations. Its 10-member board of directors includes company Chairman and CEO Roy Vallee, who joined Avnet in 1977. He held sales and management positions of increasing responsibility, among them President of the Computer Marketing operating group, before becoming board chairman and CEO in 1998. In 2005, the company was ranked number 212 on the Fortune 500 and in 2006, it was ranked number 3 on InformationWeek 500. Avnet was also named to Fortune's list of Top 50 Fastest Growing Companies in 2002. Earlier this year, Fortune honored Avnet as one of the Most Admired Companies in its industry.",TRUE,Kwan Hong Lee,No activity,https://na6.salesforce.com/0013000000GbIaGAAV,Undisclosed,Unknown,Undisclosed,Unknown,,FALSE,,,TRUE,3470,-2.01,2016-10-01,FALSE,FALSE,
181556,hpe.com,https://www.hpe.com/us/en/services.html/,Hewlett Packard Enterprise,Pass,Public Company,Jan 01 1962,"Hewlett Packard Enterprise (HPE) offers worldwide IT, technology & enterprise products and solutions.",TRUE,Kwan Hong Lee,No activity,https://na6.salesforce.com/0018000000ROom7AAD,Undisclosed,Unknown,Undisclosed,Unknown,,TRUE,https://www.crunchbase.com/organization/hewlett-packard-enterprise,,TRUE,247169,0.923203815,2016-10-01,TRUE,FALSE,
3064,globalknowledge.com,http://globalknowledge.com/,Global Knowledge Training,Pass,Acquired,Jul 05 1995,"Global Knowledge is the worldwide leader in IT and business training. We deliver via training centers, private facilities, and the Internet, enabling our customers to choose when, where, and how they want to receive training programs and learning services. Acquired by Rhône Group on November 10, 2014",TRUE,Kwan Hong Lee,No activity,https://na6.salesforce.com/0013000000G6H8mAAF,Undisclosed,Unknown,Undisclosed,2011-10-25,,TRUE,https://www.crunchbase.com/organization/global-knowledge-training,"Cloud Computing, Training, Information Technology",TRUE,1724,4.295220811,2016-10-01,TRUE,FALSE,
12968,techdata.com,http://techdata.com/,Tech Data,Pass,Public Company,May 31 1974,Distributes microcomputer-related hardware and software products to value-added resellers and retailers. (Nasdaq: TECD).,TRUE,Kwan Hong Lee,No activity,https://na6.salesforce.com/0013000000Gber5AAB,Undisclosed,Unknown,Undisclosed,Unknown,,TRUE,https://www.crunchbase.com/organization/tech-data,"Security, Internet",TRUE,6953,1.208151383,2016-10-01,TRUE,FALSE,
58972,amd.com,http://www.developer.amd.com/,AMD,Pass,Public Company,May 01 1969,"Explore a wide range of innovative next generation computing processors, graphics, and Immersive VR solutions by Advanced Micro Devices (AMD). Visit AMD.com now!",TRUE,Kwan Hong Lee,No activity,https://na6.salesforce.com/0013000000HVkbGAAT,Undisclosed,Unknown,Undisclosed,Unknown,,TRUE,https://www.crunchbase.com/organization/amd-ventures,,TRUE,9865,1.086176862,2016-10-01,TRUE,FALSE,
2705929,coresite.com,http://www.coresite.com/,CoreSite,Pass,Public Company,Jun 01 2001,"CoreSite partners with customers to provide reliable, secure data centers that improve business continuity and promote the growth of their ICT infrastructure. The company builds and manages data centers across the United States, offering more than two million square feet of wholesale data center space and colocation services to more than 600 customers. A publicly-traded company on the New York Stock Exchange under the symbol ""COR"", CoreSite delivers the level of security, service, and network access businesses need to compete in the global marketplace. Visit www.CoreSite.com for additional information.",TRUE,Inactive User,No activity,,$100.00M,Debt Financing,$100.00M,2016-02-03,,TRUE,https://www.crunchbase.com/organization/coresite,Enterprise Software,TRUE,341,3.647416413,2016-10-01,TRUE,FALSE,